PickupLocation,DropOffLocation,Demand,PickupTime,DropOffTime
Al Quoz Camp,Ag Car Taxi Service,1,4:51,5:10
Al Quoz Camp,Ag Car Taxi Service,62,4:51,5:10
Al Quoz Camp,Ag Car Taxi Service,10,4:51,5:10
Al Quoz Camp,Ag Car Taxi Service,8,4:51,5:10
Al Quoz Camp,Ag Car Taxi Service,4,4:52,5:10
Al Quoz Camp,Dubai Hills Mall 1,26,6:55,7:10
Al Quoz Camp,Dubai Hills Mall 1,29,6:55,7:10
Al Quoz Camp,Dubai Hills Mall 1,65,6:52,7:12
Al Quoz Camp,Dubai Hills Nursery,47,7:08,7:20
Al Quoz Camp,Dubai Hills Mall 1,16,9:55,10:36
Al Quoz Camp,Dubai Hills Mall 1,32,9:55,10:36
Al Quoz Camp,Dubai Hills Mall 1,33,9:56,10:10
Al Quoz Camp,Dubai Hills Mall 1,16,10:20,10:35
Al Quoz Camp,Dubai Hills Mall 1,22,9:55,10:36
Al Quoz Camp,Ag Car Taxi Service,60,16:49,17:10
Al Quoz Camp,Dubai Hills Mall 1,8,18:55,19:10
Al Quoz Camp,Dubai Hills Mall 1,8,18:55,19:10
Al Quoz Camp,Dubai Hills Mall 1,1,18:55,19:10
Al Quoz Camp,Dubai Hills Mall 1,1,21:55,22:10
Al Quoz Camp,Dubai Hills Mall 1,9,21:55,22:10
Al Quoz Camp,Dubai Hills Mall 1,13,21:55,22:10
Al Quoz Camp,Dubai Hills Mall 1,7,21:52,22:10
Ag Car Taxi Service,Al Quoz Camp,4,6:20,6:40
Dubai Hills Mall 1,Al Quoz Camp,3,8:20,8:32
Dubai Hills Mall 1,Al Quoz Camp,3,8:20,8:31
Dubai Hills Mall 1,Al Quoz Camp,17,8:20,8:32
Ag Car Taxi Service,Al Quoz Camp,42,18:20,18:38
Ag Car Taxi Service,Al Quoz Camp,12,18:20,18:38
Ag Car Taxi Service,Al Quoz Camp,9,18:20,18:38
Ag Car Taxi Service,Al Quoz Camp,10,18:20,18:38
Ag Car Taxi Service,Al Quoz Camp,10,18:20,18:37
Dubai Hills Nursery,Al Quoz Camp,5,20:10,20:18
Dubai Hills Mall 1,Al Quoz Camp,7,20:20,20:30
Dubai Hills Mall 1,Al Quoz Camp,2,20:20,20:32
Dubai Hills Mall 1,Al Quoz Camp,2,20:20,20:32
Dubai Hills Mall 1,Al Quoz Camp,1,20:20,20:32
Dubai Hills Mall 1,Al Quoz Camp,4,20:20,20:32
Dubai Hills Mall 1,Al Quoz Camp,1,23:20,23:58
Dubai Hills Mall 1,Al Quoz Camp,1,23:20,23:58
Dubai Hills Mall 1,Al Quoz Camp,2,23:20,23:30
Dubai Hills Mall 1,Al Quoz Camp,15,23:44,23:56
Dubai Hills Mall 1,Al Quoz Camp,4,23:20,23:58
Dubai Hills Mall 1,Al Quoz Camp,1,23:40,0:18
Dubai Hills Mall 1,Al Quoz Camp,3,23:40,23:51
Dubai Hills Mall 1,Al Quoz Camp,4,23:40,23:54
